{
    "MAE": 75.93488547875269,
    "RMSE": 94.25359612218556,
    "MAPE": 19.68774264914515,
    "R2": 0.6510091763085377
}